name,status,variationsNonReproducible,variationsReproducible
aiogtts,Not Reproducible,'umask','environment'  'build_path'  'user_group.available+=builduser:builduser'  'fileordering'  'home'  'kernel'  'locales'  'exec_path'  'time'  'timezone'
aiohttp-retry,Not Reproducible,'umask','environment'  'build_path'  'user_group.available+=builduser:builduser'  'fileordering'  'home'  'kernel'  'locales'  'exec_path'  'time'  'timezone'
aionotify,Not Reproducible,'umask','environment'  'build_path'  'user_group.available+=builduser:builduser'  'fileordering'  'home'  'kernel'  'locales'  'exec_path'  'time'  'timezone'
albumentations,Not Reproducible,'umask','environment'  'build_path'  'user_group.available+=builduser:builduser'  'fileordering'  'home'  'kernel'  'locales'  'exec_path'  'time'  'timezone'
ansible-lint,Not Reproducible,'umask','environment'  'build_path'  'user_group.available+=builduser:builduser'  'fileordering'  'home'  'kernel'  'locales'  'exec_path'  'time'  'timezone'
antidote,Not Reproducible,'umask','environment'  'build_path'  'user_group.available+=builduser:builduser'  'fileordering'  'home'  'kernel'  'locales'  'exec_path'  'time'  'timezone'
apiclient,Not Reproducible,'umask','environment'  'build_path'  'user_group.available+=builduser:builduser'  'fileordering'  'home'  'kernel'  'locales'  'exec_path'  'time'  'timezone'
argo-models,Not Reproducible,'umask','environment'  'build_path'  'user_group.available+=builduser:builduser'  'fileordering'  'home'  'kernel'  'locales'  'exec_path'  'time'  'timezone'
attrs-strict,Not Reproducible,'umask','environment'  'build_path'  'user_group.available+=builduser:builduser'  'fileordering'  'home'  'kernel'  'locales'  'exec_path'  'time'  'timezone'
backports-tempfile,Not Reproducible,'umask','environment'  'build_path'  'user_group.available+=builduser:builduser'  'fileordering'  'home'  'kernel'  'locales'  'exec_path'  'time'  'timezone'
based-latex,Not Reproducible,'umask','environment'  'build_path'  'user_group.available+=builduser:builduser'  'fileordering'  'home'  'kernel'  'locales'  'exec_path'  'time'  'timezone'
beerbolaget,Not Reproducible,'umask','environment'  'build_path'  'user_group.available+=builduser:builduser'  'fileordering'  'home'  'kernel'  'locales'  'exec_path'  'time'  'timezone'
bgtasks,Not Reproducible,'umask','environment'  'build_path'  'user_group.available+=builduser:builduser'  'fileordering'  'home'  'kernel'  'locales'  'exec_path'  'time'  'timezone'
bpmn-rpa,Not Reproducible,'umask','environment'  'build_path'  'user_group.available+=builduser:builduser'  'fileordering'  'home'  'kernel'  'locales'  'exec_path'  'time'  'timezone'
cachy,Not Reproducible,'umask','environment'  'build_path'  'user_group.available+=builduser:builduser'  'fileordering'  'home'  'kernel'  'locales'  'exec_path'  'time'  'timezone'
celery-progress,Not Reproducible,'umask','environment'  'build_path'  'user_group.available+=builduser:builduser'  'fileordering'  'home'  'kernel'  'locales'  'exec_path'  'time'  'timezone'
ceph-deploy,Not Reproducible,'umask','environment'  'build_path'  'user_group.available+=builduser:builduser'  'fileordering'  'home'  'kernel'  'locales'  'exec_path'  'time'  'timezone'
cg,Not Reproducible,'umask','environment'  'build_path'  'user_group.available+=builduser:builduser'  'fileordering'  'home'  'kernel'  'locales'  'exec_path'  'time'  'timezone'
chaid,Not Reproducible,'umask','environment'  'build_path'  'user_group.available+=builduser:builduser'  'fileordering'  'home'  'kernel'  'locales'  'exec_path'  'time'  'timezone'
choice,Not Reproducible,'umask','environment'  'build_path'  'user_group.available+=builduser:builduser'  'fileordering'  'home'  'kernel'  'locales'  'exec_path'  'time'  'timezone'
cocotbext-uart,Not Reproducible,'umask','environment'  'build_path'  'user_group.available+=builduser:builduser'  'fileordering'  'home'  'kernel'  'locales'  'exec_path'  'time'  'timezone'
collective-solr,Not Reproducible,'umask','environment'  'build_path'  'user_group.available+=builduser:builduser'  'fileordering'  'home'  'kernel'  'locales'  'exec_path'  'time'  'timezone'
colour-runner,Not Reproducible,'umask','environment'  'build_path'  'user_group.available+=builduser:builduser'  'fileordering'  'home'  'kernel'  'locales'  'exec_path'  'time'  'timezone'
commonmark,Not Reproducible,'umask','environment'  'build_path'  'user_group.available+=builduser:builduser'  'fileordering'  'home'  'kernel'  'locales'  'exec_path'  'time'  'timezone'
connection,Not Reproducible,'umask','environment'  'build_path'  'user_group.available+=builduser:builduser'  'fileordering'  'home'  'kernel'  'locales'  'exec_path'  'time'  'timezone'
css-parser,Not Reproducible,'umask','environment'  'build_path'  'user_group.available+=builduser:builduser'  'fileordering'  'home'  'kernel'  'locales'  'exec_path'  'time'  'timezone'
cssselect,Not Reproducible,'umask','environment'  'build_path'  'user_group.available+=builduser:builduser'  'fileordering'  'home'  'kernel'  'locales'  'exec_path'  'time'  'timezone'
cwltest,Not Reproducible,'umask','environment'  'build_path'  'user_group.available+=builduser:builduser'  'fileordering'  'home'  'kernel'  'locales'  'exec_path'  'time'  'timezone'
dataclasses-json,Not Reproducible,'umask','environment'  'build_path'  'user_group.available+=builduser:builduser'  'fileordering'  'home'  'kernel'  'locales'  'exec_path'  'time'  'timezone'
dbnd-airflow-monitor,Not Reproducible,'umask','environment'  'build_path'  'user_group.available+=builduser:builduser'  'fileordering'  'home'  'kernel'  'locales'  'exec_path'  'time'  'timezone'
decopt,Not Reproducible,'umask','environment'  'build_path'  'user_group.available+=builduser:builduser'  'fileordering'  'home'  'kernel'  'locales'  'exec_path'  'time'  'timezone'
decorating,Not Reproducible,'umask','environment'  'build_path'  'user_group.available+=builduser:builduser'  'fileordering'  'home'  'kernel'  'locales'  'exec_path'  'time'  'timezone'
descarteslabs,Not Reproducible,'umask','environment'  'build_path'  'user_group.available+=builduser:builduser'  'fileordering'  'home'  'kernel'  'locales'  'exec_path'  'time'  'timezone'
device-detector,Not Reproducible,'umask','environment'  'build_path'  'user_group.available+=builduser:builduser'  'fileordering'  'home'  'kernel'  'locales'  'exec_path'  'time'  'timezone'
dgl-cu111,Not Reproducible,'umask','environment'  'build_path'  'user_group.available+=builduser:builduser'  'fileordering'  'home'  'kernel'  'locales'  'exec_path'  'time'  'timezone'
discord-py-self,Not Reproducible,'umask','environment'  'build_path'  'user_group.available+=builduser:builduser'  'fileordering'  'home'  'kernel'  'locales'  'exec_path'  'time'  'timezone'
distro,Not Reproducible,'umask','environment'  'build_path'  'user_group.available+=builduser:builduser'  'fileordering'  'home'  'kernel'  'locales'  'exec_path'  'time'  'timezone'
django-health-check,Not Reproducible,'umask','environment'  'build_path'  'user_group.available+=builduser:builduser'  'fileordering'  'home'  'kernel'  'locales'  'exec_path'  'time'  'timezone'
django-pagination-fork,Not Reproducible,'umask','environment'  'build_path'  'user_group.available+=builduser:builduser'  'fileordering'  'home'  'kernel'  'locales'  'exec_path'  'time'  'timezone'
django-python3-ldap,Not Reproducible,'umask','environment'  'build_path'  'user_group.available+=builduser:builduser'  'fileordering'  'home'  'kernel'  'locales'  'exec_path'  'time'  'timezone'
django-qsstats-magic,Not Reproducible,'umask','environment'  'build_path'  'user_group.available+=builduser:builduser'  'fileordering'  'home'  'kernel'  'locales'  'exec_path'  'time'  'timezone'
django-rest-framework-social-oauth2,Not Reproducible,'umask','environment'  'build_path'  'user_group.available+=builduser:builduser'  'fileordering'  'home'  'kernel'  'locales'  'exec_path'  'time'  'timezone'
django-simple-captcha,Not Reproducible,'umask','environment'  'build_path'  'user_group.available+=builduser:builduser'  'fileordering'  'home'  'kernel'  'locales'  'exec_path'  'time'  'timezone'
django-sso-app,Not Reproducible,'umask','environment'  'build_path'  'user_group.available+=builduser:builduser'  'fileordering'  'home'  'kernel'  'locales'  'exec_path'  'time'  'timezone'
django-stubs,Not Reproducible,'umask','environment'  'build_path'  'user_group.available+=builduser:builduser'  'fileordering'  'home'  'kernel'  'locales'  'exec_path'  'time'  'timezone'
django-useragents,Not Reproducible,'umask','environment'  'build_path'  'user_group.available+=builduser:builduser'  'fileordering'  'home'  'kernel'  'locales'  'exec_path'  'time'  'timezone'
djangocms-helper,Not Reproducible,'umask','environment'  'build_path'  'user_group.available+=builduser:builduser'  'fileordering'  'home'  'kernel'  'locales'  'exec_path'  'time'  'timezone'
docker-registry-client,Not Reproducible,'umask','environment'  'build_path'  'user_group.available+=builduser:builduser'  'fileordering'  'home'  'kernel'  'locales'  'exec_path'  'time'  'timezone'
dotscience,Not Reproducible,'umask','environment'  'build_path'  'user_group.available+=builduser:builduser'  'fileordering'  'home'  'kernel'  'locales'  'exec_path'  'time'  'timezone'
dqsegdb2,Not Reproducible,'umask','environment'  'build_path'  'user_group.available+=builduser:builduser'  'fileordering'  'home'  'kernel'  'locales'  'exec_path'  'time'  'timezone'
drf-api-tracking,Not Reproducible,'umask','environment'  'build_path'  'user_group.available+=builduser:builduser'  'fileordering'  'home'  'kernel'  'locales'  'exec_path'  'time'  'timezone'
dss-python,Not Reproducible,'umask','environment'  'build_path'  'user_group.available+=builduser:builduser'  'fileordering'  'home'  'kernel'  'locales'  'exec_path'  'time'  'timezone'
durationpy,Not Reproducible,'umask','environment'  'build_path'  'user_group.available+=builduser:builduser'  'fileordering'  'home'  'kernel'  'locales'  'exec_path'  'time'  'timezone'
easyserializer,Not Reproducible,'umask','environment'  'build_path'  'user_group.available+=builduser:builduser'  'fileordering'  'home'  'kernel'  'locales'  'exec_path'  'time'  'timezone'
edx-sphinx-theme,Not Reproducible,'umask','environment'  'build_path'  'user_group.available+=builduser:builduser'  'fileordering'  'home'  'kernel'  'locales'  'exec_path'  'time'  'timezone'
email-validator,Not Reproducible,'umask','environment'  'build_path'  'user_group.available+=builduser:builduser'  'fileordering'  'home'  'kernel'  'locales'  'exec_path'  'time'  'timezone'
eml-parser,Not Reproducible,'umask','environment'  'build_path'  'user_group.available+=builduser:builduser'  'fileordering'  'home'  'kernel'  'locales'  'exec_path'  'time'  'timezone'
endesive,Not Reproducible,'umask','environment'  'build_path'  'user_group.available+=builduser:builduser'  'fileordering'  'home'  'kernel'  'locales'  'exec_path'  'time'  'timezone'
environs,Not Reproducible,'umask','environment'  'build_path'  'user_group.available+=builduser:builduser'  'fileordering'  'home'  'kernel'  'locales'  'exec_path'  'time'  'timezone'
example-pkg-naturalett,Not Reproducible,'umask','environment'  'build_path'  'user_group.available+=builduser:builduser'  'fileordering'  'home'  'kernel'  'locales'  'exec_path'  'time'  'timezone'
fastbpe,Not Reproducible,'build_path'  'umask','environment'  'user_group.available+=builduser:builduser'  'fileordering'  'home'  'kernel'  'locales'  'exec_path'  'time'  'timezone'
fiftyone,Not Reproducible,'umask','environment'  'build_path'  'user_group.available+=builduser:builduser'  'fileordering'  'home'  'kernel'  'locales'  'exec_path'  'time'  'timezone'
filesystems,Not Reproducible,'umask','environment'  'build_path'  'user_group.available+=builduser:builduser'  'fileordering'  'home'  'kernel'  'locales'  'exec_path'  'time'  'timezone'
flake8-2020,Not Reproducible,'umask','environment'  'build_path'  'user_group.available+=builduser:builduser'  'fileordering'  'home'  'kernel'  'locales'  'exec_path'  'time'  'timezone'
flake8-html,Not Reproducible,'umask','environment'  'build_path'  'user_group.available+=builduser:builduser'  'fileordering'  'home'  'kernel'  'locales'  'exec_path'  'time'  'timezone'
flask-logging-extras,Not Reproducible,'umask','environment'  'build_path'  'user_group.available+=builduser:builduser'  'fileordering'  'home'  'kernel'  'locales'  'exec_path'  'time'  'timezone'
flax,Not Reproducible,'umask','environment'  'build_path'  'user_group.available+=builduser:builduser'  'fileordering'  'home'  'kernel'  'locales'  'exec_path'  'time'  'timezone'
func-timeout,Not Reproducible,'umask','environment'  'build_path'  'user_group.available+=builduser:builduser'  'fileordering'  'home'  'kernel'  'locales'  'exec_path'  'time'  'timezone'
fx-crash-sig,Not Reproducible,'umask','environment'  'build_path'  'user_group.available+=builduser:builduser'  'fileordering'  'home'  'kernel'  'locales'  'exec_path'  'time'  'timezone'
georss-ign-sismologia-client,Not Reproducible,'umask','environment'  'build_path'  'user_group.available+=builduser:builduser'  'fileordering'  'home'  'kernel'  'locales'  'exec_path'  'time'  'timezone'
getit,Not Reproducible,'umask','environment'  'build_path'  'user_group.available+=builduser:builduser'  'fileordering'  'home'  'kernel'  'locales'  'exec_path'  'time'  'timezone'
google-pasta,Not Reproducible,'umask','environment'  'build_path'  'user_group.available+=builduser:builduser'  'fileordering'  'home'  'kernel'  'locales'  'exec_path'  'time'  'timezone'
googleauthentication,Not Reproducible,'umask','environment'  'build_path'  'user_group.available+=builduser:builduser'  'fileordering'  'home'  'kernel'  'locales'  'exec_path'  'time'  'timezone'
gs-dmarc,Not Reproducible,'umask','environment'  'build_path'  'user_group.available+=builduser:builduser'  'fileordering'  'home'  'kernel'  'locales'  'exec_path'  'time'  'timezone'
hap-python,Not Reproducible,'umask','environment'  'build_path'  'user_group.available+=builduser:builduser'  'fileordering'  'home'  'kernel'  'locales'  'exec_path'  'time'  'timezone'
haversine,Not Reproducible,'umask','environment'  'build_path'  'user_group.available+=builduser:builduser'  'fileordering'  'home'  'kernel'  'locales'  'exec_path'  'time'  'timezone'
hdrpy,Not Reproducible,'umask','environment'  'build_path'  'user_group.available+=builduser:builduser'  'fileordering'  'home'  'kernel'  'locales'  'exec_path'  'time'  'timezone'
honeybee-radiance-folder,Fully Reproducible,,'all'
html-slacker,Not Reproducible,'umask','environment'  'build_path'  'user_group.available+=builduser:builduser'  'fileordering'  'home'  'kernel'  'locales'  'exec_path'  'time'  'timezone'
html-text,Not Reproducible,'umask','environment'  'build_path'  'user_group.available+=builduser:builduser'  'fileordering'  'home'  'kernel'  'locales'  'exec_path'  'time'  'timezone'
httplib2,Not Reproducible,'umask','environment'  'build_path'  'user_group.available+=builduser:builduser'  'fileordering'  'home'  'kernel'  'locales'  'exec_path'  'time'  'timezone'
ib-insync,Fully Reproducible,,'all'
intake,Not Reproducible,'umask','environment'  'build_path'  'user_group.available+=builduser:builduser'  'fileordering'  'home'  'kernel'  'locales'  'exec_path'  'time'  'timezone'
intervals,Not Reproducible,'umask','environment'  'build_path'  'user_group.available+=builduser:builduser'  'fileordering'  'home'  'kernel'  'locales'  'exec_path'  'time'  'timezone'
isbnlib,Not Reproducible,'umask','environment'  'build_path'  'user_group.available+=builduser:builduser'  'fileordering'  'home'  'kernel'  'locales'  'exec_path'  'time'  'timezone'
jinja2-pluralize,Not Reproducible,'umask','environment'  'build_path'  'user_group.available+=builduser:builduser'  'fileordering'  'home'  'kernel'  'locales'  'exec_path'  'time'  'timezone'
json-rpc,Not Reproducible,'umask','environment'  'build_path'  'user_group.available+=builduser:builduser'  'fileordering'  'home'  'kernel'  'locales'  'exec_path'  'time'  'timezone'
json2object,Not Reproducible,'umask','environment'  'build_path'  'user_group.available+=builduser:builduser'  'fileordering'  'home'  'kernel'  'locales'  'exec_path'  'time'  'timezone'
jupyter-ui-poll,Not Reproducible,'umask','environment'  'build_path'  'user_group.available+=builduser:builduser'  'fileordering'  'home'  'kernel'  'locales'  'exec_path'  'time'  'timezone'
jupyters3,Not Reproducible,'umask','environment'  'build_path'  'user_group.available+=builduser:builduser'  'fileordering'  'home'  'kernel'  'locales'  'exec_path'  'time'  'timezone'
juriscraper,Not Reproducible,'umask','environment'  'build_path'  'user_group.available+=builduser:builduser'  'fileordering'  'home'  'kernel'  'locales'  'exec_path'  'time'  'timezone'
keymaker,Not Reproducible,'umask','environment'  'build_path'  'user_group.available+=builduser:builduser'  'fileordering'  'home'  'kernel'  'locales'  'exec_path'  'time'  'timezone'
mamonsu,Not Reproducible,'umask','environment'  'build_path'  'user_group.available+=builduser:builduser'  'fileordering'  'home'  'kernel'  'locales'  'exec_path'  'time'  'timezone'
mantarray-waveform-analysis,Not Reproducible,'build_path'  'umask','environment'  'user_group.available+=builduser:builduser'  'fileordering'  'home'  'kernel'  'locales'  'exec_path'  'time'  'timezone'
mbed-os-tools,Not Reproducible,'umask','environment'  'build_path'  'user_group.available+=builduser:builduser'  'fileordering'  'home'  'kernel'  'locales'  'exec_path'  'time'  'timezone'
mega-py,Not Reproducible,'umask','environment'  'build_path'  'user_group.available+=builduser:builduser'  'fileordering'  'home'  'kernel'  'locales'  'exec_path'  'time'  'timezone'
mixpanel-py,Not Reproducible,'umask','environment'  'build_path'  'user_group.available+=builduser:builduser'  'fileordering'  'home'  'kernel'  'locales'  'exec_path'  'time'  'timezone'
mmcls,Not Reproducible,'umask','environment'  'build_path'  'user_group.available+=builduser:builduser'  'fileordering'  'home'  'kernel'  'locales'  'exec_path'  'time'  'timezone'
moodyeth,Not Reproducible,'umask','environment'  'build_path'  'user_group.available+=builduser:builduser'  'fileordering'  'home'  'kernel'  'locales'  'exec_path'  'time'  'timezone'
msal,Not Reproducible,'umask','environment'  'build_path'  'user_group.available+=builduser:builduser'  'fileordering'  'home'  'kernel'  'locales'  'exec_path'  'time'  'timezone'
mtwaffle,Not Reproducible,'umask','environment'  'build_path'  'user_group.available+=builduser:builduser'  'fileordering'  'home'  'kernel'  'locales'  'exec_path'  'time'  'timezone'
nameparser,Not Reproducible,'umask','environment'  'build_path'  'user_group.available+=builduser:builduser'  'fileordering'  'home'  'kernel'  'locales'  'exec_path'  'time'  'timezone'
nanoplot,Not Reproducible,'umask','environment'  'build_path'  'user_group.available+=builduser:builduser'  'fileordering'  'home'  'kernel'  'locales'  'exec_path'  'time'  'timezone'
nathanjamestoolbox,Not Reproducible,'umask','environment'  'build_path'  'user_group.available+=builduser:builduser'  'fileordering'  'home'  'kernel'  'locales'  'exec_path'  'time'  'timezone'
notion,Not Reproducible,'umask','environment'  'build_path'  'user_group.available+=builduser:builduser'  'fileordering'  'home'  'kernel'  'locales'  'exec_path'  'time'  'timezone'
openpyxl-templates,Not Reproducible,'umask','environment'  'build_path'  'user_group.available+=builduser:builduser'  'fileordering'  'home'  'kernel'  'locales'  'exec_path'  'time'  'timezone'
parallel-ssh,Not Reproducible,'umask','environment'  'build_path'  'user_group.available+=builduser:builduser'  'fileordering'  'home'  'kernel'  'locales'  'exec_path'  'time'  'timezone'
pillow-pil,Not Reproducible,'umask','environment'  'build_path'  'user_group.available+=builduser:builduser'  'fileordering'  'home'  'kernel'  'locales'  'exec_path'  'time'  'timezone'
plone-app-locales,Not Reproducible,'umask','environment'  'build_path'  'user_group.available+=builduser:builduser'  'fileordering'  'home'  'kernel'  'locales'  'exec_path'  'time'  'timezone'
plyara,Not Reproducible,'umask','environment'  'build_path'  'user_group.available+=builduser:builduser'  'fileordering'  'home'  'kernel'  'locales'  'exec_path'  'time'  'timezone'
prestige-irc,Not Reproducible,'umask','environment'  'build_path'  'user_group.available+=builduser:builduser'  'fileordering'  'home'  'kernel'  'locales'  'exec_path'  'time'  'timezone'
prettierfier,Not Reproducible,'umask','environment'  'build_path'  'user_group.available+=builduser:builduser'  'fileordering'  'home'  'kernel'  'locales'  'exec_path'  'time'  'timezone'
products-genericsetup,Not Reproducible,'umask','environment'  'build_path'  'user_group.available+=builduser:builduser'  'fileordering'  'home'  'kernel'  'locales'  'exec_path'  'time'  'timezone'
protobuf3-to-dict,Not Reproducible,'umask','environment'  'build_path'  'user_group.available+=builduser:builduser'  'fileordering'  'home'  'kernel'  'locales'  'exec_path'  'time'  'timezone'
py-nextbusnext,Not Reproducible,'umask','environment'  'build_path'  'user_group.available+=builduser:builduser'  'fileordering'  'home'  'kernel'  'locales'  'exec_path'  'time'  'timezone'
py-rouge,Not Reproducible,'umask','environment'  'build_path'  'user_group.available+=builduser:builduser'  'fileordering'  'home'  'kernel'  'locales'  'exec_path'  'time'  'timezone'
pyboy,Not Reproducible,'environment'  'build_path'  'fileordering'  'home'  'locales'  'exec_path'  'timezone'  'umask','user_group.available+=builduser:builduser'  'kernel'  'time'
pycontrol4,Not Reproducible,'umask','environment'  'build_path'  'user_group.available+=builduser:builduser'  'fileordering'  'home'  'kernel'  'locales'  'exec_path'  'time'  'timezone'
pycpd,Not Reproducible,'umask','environment'  'build_path'  'user_group.available+=builduser:builduser'  'fileordering'  'home'  'kernel'  'locales'  'exec_path'  'time'  'timezone'
pydoe2,Not Reproducible,'umask','environment'  'build_path'  'user_group.available+=builduser:builduser'  'fileordering'  'home'  'kernel'  'locales'  'exec_path'  'time'  'timezone'
pyformat,Not Reproducible,'umask','environment'  'build_path'  'user_group.available+=builduser:builduser'  'fileordering'  'home'  'kernel'  'locales'  'exec_path'  'time'  'timezone'
pyiso,Not Reproducible,'umask','environment'  'build_path'  'user_group.available+=builduser:builduser'  'fileordering'  'home'  'kernel'  'locales'  'exec_path'  'time'  'timezone'
pylightxl,Not Reproducible,'umask','environment'  'build_path'  'user_group.available+=builduser:builduser'  'fileordering'  'home'  'kernel'  'locales'  'exec_path'  'time'  'timezone'
pylodstorage,Not Reproducible,'umask','environment'  'build_path'  'user_group.available+=builduser:builduser'  'fileordering'  'home'  'kernel'  'locales'  'exec_path'  'time'  'timezone'
pymiscutils,Not Reproducible,'umask','environment'  'build_path'  'user_group.available+=builduser:builduser'  'fileordering'  'home'  'kernel'  'locales'  'exec_path'  'time'  'timezone'
pymovie,Not Reproducible,'umask','environment'  'build_path'  'user_group.available+=builduser:builduser'  'fileordering'  'home'  'kernel'  'locales'  'exec_path'  'time'  'timezone'
pynmea2,Not Reproducible,'umask','environment'  'build_path'  'user_group.available+=builduser:builduser'  'fileordering'  'home'  'kernel'  'locales'  'exec_path'  'time'  'timezone'
pyramid-swagger,Not Reproducible,'umask','environment'  'build_path'  'user_group.available+=builduser:builduser'  'fileordering'  'home'  'kernel'  'locales'  'exec_path'  'time'  'timezone'
pyrebase4,Not Reproducible,'umask','environment'  'build_path'  'user_group.available+=builduser:builduser'  'fileordering'  'home'  'kernel'  'locales'  'exec_path'  'time'  'timezone'
pysigset,Not Reproducible,'umask','environment'  'build_path'  'user_group.available+=builduser:builduser'  'fileordering'  'home'  'kernel'  'locales'  'exec_path'  'time'  'timezone'
pysocks,Not Reproducible,'umask','environment'  'build_path'  'user_group.available+=builduser:builduser'  'fileordering'  'home'  'kernel'  'locales'  'exec_path'  'time'  'timezone'
pyspeedtest,Not Reproducible,'umask','environment'  'build_path'  'user_group.available+=builduser:builduser'  'fileordering'  'home'  'kernel'  'locales'  'exec_path'  'time'  'timezone'
pytest-logger,Not Reproducible,'umask','environment'  'build_path'  'user_group.available+=builduser:builduser'  'fileordering'  'home'  'kernel'  'locales'  'exec_path'  'time'  'timezone'
pytest-mongodb,Not Reproducible,'umask','environment'  'build_path'  'user_group.available+=builduser:builduser'  'fileordering'  'home'  'kernel'  'locales'  'exec_path'  'time'  'timezone'
python-constraint,Not Reproducible,'umask','environment'  'build_path'  'user_group.available+=builduser:builduser'  'fileordering'  'home'  'kernel'  'locales'  'exec_path'  'time'  'timezone'
pytorch-pretrained-bert,Not Reproducible,'umask','environment'  'build_path'  'user_group.available+=builduser:builduser'  'fileordering'  'home'  'kernel'  'locales'  'exec_path'  'time'  'timezone'
rax-default-network-flags-python-novaclient-ext,Not Reproducible,'umask','environment'  'build_path'  'user_group.available+=builduser:builduser'  'fileordering'  'home'  'kernel'  'locales'  'exec_path'  'time'  'timezone'
rbfopt,Fully Reproducible,,'all'
recurring-ical-events,Not Reproducible,'umask','environment'  'build_path'  'user_group.available+=builduser:builduser'  'fileordering'  'home'  'kernel'  'locales'  'exec_path'  'time'  'timezone'
resnest,Not Reproducible,'time'  'timezone'  'umask','environment'  'build_path'  'user_group.available+=builduser:builduser'  'fileordering'  'home'  'kernel'  'locales'  'exec_path'
rest-condition,Not Reproducible,'umask','environment'  'build_path'  'user_group.available+=builduser:builduser'  'fileordering'  'home'  'kernel'  'locales'  'exec_path'  'time'  'timezone'
retry,Not Reproducible,'umask','environment'  'build_path'  'user_group.available+=builduser:builduser'  'fileordering'  'home'  'kernel'  'locales'  'exec_path'  'time'  'timezone'
rfc3986-validator,Fully Reproducible,,'all'
rpcq,Not Reproducible,'umask','environment'  'build_path'  'user_group.available+=builduser:builduser'  'fileordering'  'home'  'kernel'  'locales'  'exec_path'  'time'  'timezone'
runjenkins,Not Reproducible,'environment'  'build_path'  'fileordering'  'home'  'kernel'  'locales'  'exec_path'  'time'  'timezone'  'umask','user_group.available+=builduser:builduser'
salttesting,Not Reproducible,'umask','environment'  'build_path'  'user_group.available+=builduser:builduser'  'fileordering'  'home'  'kernel'  'locales'  'exec_path'  'time'  'timezone'
setuptools,Not Reproducible,'time'  'timezone'  'umask','environment'  'build_path'  'user_group.available+=builduser:builduser'  'fileordering'  'home'  'kernel'  'locales'  'exec_path'
sgp4,Not Reproducible,'build_path'  'umask','environment'  'user_group.available+=builduser:builduser'  'fileordering'  'home'  'kernel'  'locales'  'exec_path'  'time'  'timezone'
shutils,Not Reproducible,'umask','environment'  'build_path'  'user_group.available+=builduser:builduser'  'fileordering'  'home'  'kernel'  'locales'  'exec_path'  'time'  'timezone'
spanishconjugator,Not Reproducible,'umask','environment'  'build_path'  'user_group.available+=builduser:builduser'  'fileordering'  'home'  'kernel'  'locales'  'exec_path'  'time'  'timezone'
spglm,Not Reproducible,'umask','environment'  'build_path'  'user_group.available+=builduser:builduser'  'fileordering'  'home'  'kernel'  'locales'  'exec_path'  'time'  'timezone'
sphinx-material,Not Reproducible,'umask','environment'  'build_path'  'user_group.available+=builduser:builduser'  'fileordering'  'home'  'kernel'  'locales'  'exec_path'  'time'  'timezone'
sphinx-version-warning,Not Reproducible,'umask','environment'  'build_path'  'user_group.available+=builduser:builduser'  'fileordering'  'home'  'kernel'  'locales'  'exec_path'  'time'  'timezone'
sphinxcontrib-httpexample,Fully Reproducible,,'all'
splunk-hec-handler,Not Reproducible,'umask','environment'  'build_path'  'user_group.available+=builduser:builduser'  'fileordering'  'home'  'kernel'  'locales'  'exec_path'  'time'  'timezone'
strenum,Fully Reproducible,,'all'
striprtf,Not Reproducible,'umask','environment'  'build_path'  'user_group.available+=builduser:builduser'  'fileordering'  'home'  'kernel'  'locales'  'exec_path'  'time'  'timezone'
subprocrunner,Not Reproducible,'umask','environment'  'build_path'  'user_group.available+=builduser:builduser'  'fileordering'  'home'  'kernel'  'locales'  'exec_path'  'time'  'timezone'
swimlane-records-updater,Not Reproducible,'umask','environment'  'build_path'  'user_group.available+=builduser:builduser'  'fileordering'  'home'  'kernel'  'locales'  'exec_path'  'time'  'timezone'
synolopy,Not Reproducible,'umask','environment'  'build_path'  'user_group.available+=builduser:builduser'  'fileordering'  'home'  'kernel'  'locales'  'exec_path'  'time'  'timezone'
tencentcloud-sdk-python-iotvideoindustry,Not Reproducible,'umask','environment'  'build_path'  'user_group.available+=builduser:builduser'  'fileordering'  'home'  'kernel'  'locales'  'exec_path'  'time'  'timezone'
testing-postgresql,Not Reproducible,'umask','environment'  'build_path'  'user_group.available+=builduser:builduser'  'fileordering'  'home'  'kernel'  'locales'  'exec_path'  'time'  'timezone'
thingy,Not Reproducible,'umask','environment'  'build_path'  'user_group.available+=builduser:builduser'  'fileordering'  'home'  'kernel'  'locales'  'exec_path'  'time'  'timezone'
timedelta,Not Reproducible,'umask','environment'  'build_path'  'user_group.available+=builduser:builduser'  'fileordering'  'home'  'kernel'  'locales'  'exec_path'  'time'  'timezone'
transit-python,Not Reproducible,'umask','environment'  'build_path'  'user_group.available+=builduser:builduser'  'fileordering'  'home'  'kernel'  'locales'  'exec_path'  'time'  'timezone'
twistedchecker,Not Reproducible,'umask','environment'  'build_path'  'user_group.available+=builduser:builduser'  'fileordering'  'home'  'kernel'  'locales'  'exec_path'  'time'  'timezone'
txaws,Not Reproducible,'umask','environment'  'build_path'  'user_group.available+=builduser:builduser'  'fileordering'  'home'  'kernel'  'locales'  'exec_path'  'time'  'timezone'
types-protobuf,Not Reproducible,'umask','environment'  'build_path'  'user_group.available+=builduser:builduser'  'fileordering'  'home'  'kernel'  'locales'  'exec_path'  'time'  'timezone'
tzdata,Not Reproducible,'umask','environment'  'build_path'  'user_group.available+=builduser:builduser'  'fileordering'  'home'  'kernel'  'locales'  'exec_path'  'time'  'timezone'
utlz,Not Reproducible,'umask','environment'  'build_path'  'user_group.available+=builduser:builduser'  'fileordering'  'home'  'kernel'  'locales'  'exec_path'  'time'  'timezone'
warrant,Not Reproducible,'umask','environment'  'build_path'  'user_group.available+=builduser:builduser'  'fileordering'  'home'  'kernel'  'locales'  'exec_path'  'time'  'timezone'
wavelink,Not Reproducible,'umask','environment'  'build_path'  'user_group.available+=builduser:builduser'  'fileordering'  'home'  'kernel'  'locales'  'exec_path'  'time'  'timezone'
websockify,Not Reproducible,'umask','environment'  'build_path'  'user_group.available+=builduser:builduser'  'fileordering'  'home'  'kernel'  'locales'  'exec_path'  'time'  'timezone'
xmpppy,Not Reproducible,'umask','environment'  'build_path'  'user_group.available+=builduser:builduser'  'fileordering'  'home'  'kernel'  'locales'  'exec_path'  'time'  'timezone'
yalesmartalarmclient,Not Reproducible,'umask','environment'  'build_path'  'user_group.available+=builduser:builduser'  'fileordering'  'home'  'kernel'  'locales'  'exec_path'  'time'  'timezone'
yawsso,Not Reproducible,'umask','environment'  'build_path'  'user_group.available+=builduser:builduser'  'fileordering'  'home'  'kernel'  'locales'  'exec_path'  'time'  'timezone'
zope-securitypolicy,Not Reproducible,'umask','environment'  'build_path'  'user_group.available+=builduser:builduser'  'fileordering'  'home'  'kernel'  'locales'  'exec_path'  'time'  'timezone'
